"","type","rho"
"1","TEhm",0.0112120927155476
"2","Csp",0.277764153536736
"3","Vs",0.00282529009264365
"4","dt",-0.0415446830350059
"5","n",3.51565292351731e-05
"6","TEsh",-0.563233416854275
"7","TEhs",0.0212190405071843
"8","GC_inf",-0.0255385613444595
"9","k",0.021534066998461
"10","surf_dis",-0.00199256016924017
