"","id","gc","mat","quantifiable","place","surface","Q_05","Q_25","Q_50","Q_75","Q_95","log_gc"
"16","2,6_16,N1,Grocery store door handle A",2.54,"metal",1,"Grocery store","Door handle",1.82337556510759e-06,5.18973129598477e-06,1.02187163268375e-05,2.08780682370568e-05,6.64312877901807e-05,0.404833716619938
"17","2,6_16,N1,Grocery store door handle B",11.55,"metal",1,"Grocery store","Door handle",8.3822349053686e-06,2.36181674913016e-05,4.70873144218231e-05,9.61909517800397e-05,0.00030587649725412,1.06258198422816
"22","2,5_5,N1,Liquor store door handle B",102.43,"metal",1,"Liquor store","Door handle",7.56738809587765e-05,0.000209641244190845,0.000410808765924309,0.000840222718598072,0.00265808323994019,2.01042717271705
