"","code","place","surface","mat","gc_10cm","gc","Q_05","Q_25","Q_50","Q_75","Q_95"
"1","other","many","many","many",1,0.1,3.89291949176585e-08,1.5687073737225e-07,3.49814727185205e-07,7.60511458336444e-07,2.53501791305788e-06
"2","HCU29C","hospital","wall","brickwork",67.9,6.79,2.65759331758986e-06,1.077052140111e-05,2.36616700182712e-05,5.1337232189308e-05,0.000169436990962279
"3","HCU8A","hospital","floor","conctrete",11.7,1.17,4.56841009283116e-07,1.83196418979126e-06,4.05925479723956e-06,8.91098278330005e-06,2.93640418259466e-05
"4","HCU29F","hospital","bench","plastic",299.8,29.98,5.71275240141389e-05,0.000132927970591445,0.000244286873470168,0.000486864997098796,0.00145671477427081
"5","HCU29H","hospital","bench","plastic",392.8,39.28,7.61300977873303e-05,0.000172416700920996,0.0003187192530828,0.000632094046564668,0.00192418250652256
"6","BT1C","bus terminal","handrail","metal",8.4,0.84,6.2257123034648e-07,1.70450158010205e-06,3.35720301353204e-06,6.87755549830249e-06,2.16548176634135e-05
"7","BT1W","bus terminal","handrail","metal",8.4,0.84,5.95378820700265e-07,1.69136231709111e-06,3.36831538194637e-06,6.97263237747769e-06,2.23831698889232e-05
